<?xml version="1.0" encoding="UTF-8"?>
<TaskState connectorKind="github" repositoryUrl="https://github.com/ahiscock16/Com_Ven" taskId="" version="2.0">
<NewData connectorKind="github" repositoryUrl="https://github.com/ahiscock16/Com_Ven" taskId="" version="1">
<Attributes>
<Attribute id="root">
<values/>
<options/>
<MetaData/>
<Attributes>
<Attribute id="task.common.key">
<values/>
<options/>
<MetaData>
<meta>
<key>task.meta.readOnly</key>
<value>true</value>
</meta>
<meta>
<key>task.meta.type</key>
<value>shortText</value>
</meta>
<meta>
<key>task.meta.required</key>
<value>false</value>
</meta>
<meta>
<key>task.meta.attributeKind</key>
<value>task.common.kind.default</value>
</meta>
<meta>
<key>task.meta.label</key>
<value>Key</value>
</meta>
</MetaData>
<Attributes/>
</Attribute>
<Attribute id="task.common.summary">
<values/>
<options/>
<MetaData>
<meta>
<key>task.meta.readOnly</key>
<value>false</value>
</meta>
<meta>
<key>task.meta.type</key>
<value>shortRichText</value>
</meta>
<meta>
<key>task.meta.required</key>
<value>false</value>
</meta>
<meta>
<key>task.meta.attributeKind</key>
<value>task.common.kind.default</value>
</meta>
<meta>
<key>task.meta.label</key>
<value>Summary</value>
</meta>
</MetaData>
<Attributes/>
</Attribute>
<Attribute id="task.common.description">
<values/>
<options/>
<MetaData>
<meta>
<key>task.meta.readOnly</key>
<value>false</value>
</meta>
<meta>
<key>task.meta.type</key>
<value>longRichText</value>
</meta>
<meta>
<key>task.meta.required</key>
<value>false</value>
</meta>
<meta>
<key>task.meta.attributeKind</key>
<value>task.common.kind.default</value>
</meta>
<meta>
<key>task.meta.label</key>
<value>Description</value>
</meta>
</MetaData>
<Attributes/>
</Attribute>
<Attribute id="task.common.status">
<values/>
<options/>
<MetaData>
<meta>
<key>task.meta.readOnly</key>
<value>false</value>
</meta>
<meta>
<key>task.meta.type</key>
<value>shortText</value>
</meta>
<meta>
<key>task.meta.required</key>
<value>false</value>
</meta>
<meta>
<key>task.meta.attributeKind</key>
<value>task.common.kind.default</value>
</meta>
<meta>
<key>task.meta.label</key>
<value>Status:</value>
</meta>
</MetaData>
<Attributes/>
</Attribute>
<Attribute id="github.issue.labels">
<values/>
<options>
<option>
<key>bug</key>
<value>bug</value>
</option>
<option>
<key>duplicate</key>
<value>duplicate</value>
</option>
<option>
<key>enhancement</key>
<value>enhancement</value>
</option>
<option>
<key>help wanted</key>
<value>help wanted</value>
</option>
<option>
<key>invalid</key>
<value>invalid</value>
</option>
<option>
<key>question</key>
<value>question</value>
</option>
<option>
<key>wontfix</key>
<value>wontfix</value>
</option>
</options>
<MetaData>
<meta>
<key>task.meta.readOnly</key>
<value>false</value>
</meta>
<meta>
<key>task.meta.type</key>
<value>multiSelect</value>
</meta>
<meta>
<key>task.meta.required</key>
<value>false</value>
</meta>
<meta>
<key>task.meta.attributeKind</key>
<value>task.common.kind.default</value>
</meta>
<meta>
<key>task.meta.label</key>
<value>Labels:</value>
</meta>
</MetaData>
<Attributes/>
</Attribute>
<Attribute id="task.common.user.assigned">
<values/>
<options/>
<MetaData>
<meta>
<key>task.meta.readOnly</key>
<value>false</value>
</meta>
<meta>
<key>task.meta.type</key>
<value>person</value>
</meta>
<meta>
<key>task.meta.required</key>
<value>false</value>
</meta>
<meta>
<key>task.meta.attributeKind</key>
<value>task.common.kind.default</value>
</meta>
<meta>
<key>task.meta.label</key>
<value>Assignee:</value>
</meta>
</MetaData>
<Attributes/>
</Attribute>
<Attribute id="github.issue.milestone">
<values>
<value>0</value>
</values>
<options>
<option>
<key>0</key>
<value>None</value>
</option>
</options>
<MetaData>
<meta>
<key>task.meta.readOnly</key>
<value>false</value>
</meta>
<meta>
<key>task.meta.type</key>
<value>singleSelect</value>
</meta>
<meta>
<key>task.meta.required</key>
<value>false</value>
</meta>
<meta>
<key>task.meta.attributeKind</key>
<value>task.common.kind.default</value>
</meta>
<meta>
<key>task.meta.label</key>
<value>Milestone:</value>
</meta>
</MetaData>
<Attributes/>
</Attribute>
<Attribute id="github.issue.assignee.gravatar">
<values/>
<options/>
<MetaData>
<meta>
<key>task.meta.readOnly</key>
<value>false</value>
</meta>
<meta>
<key>task.meta.type</key>
<value>url</value>
</meta>
<meta>
<key>task.meta.required</key>
<value>false</value>
</meta>
<meta>
<key>task.meta.label</key>
<value>Assignee</value>
</meta>
</MetaData>
<Attributes/>
</Attribute>
</Attributes>
</Attribute>
</Attributes>
</NewData>
<OldData connectorKind="github" repositoryUrl="https://github.com/ahiscock16/Com_Ven" taskId="" version="1">
<Attributes>
<Attribute id="root">
<values/>
<options/>
<MetaData/>
<Attributes>
<Attribute id="task.common.key">
<values/>
<options/>
<MetaData>
<meta>
<key>task.meta.readOnly</key>
<value>true</value>
</meta>
<meta>
<key>task.meta.type</key>
<value>shortText</value>
</meta>
<meta>
<key>task.meta.required</key>
<value>false</value>
</meta>
<meta>
<key>task.meta.attributeKind</key>
<value>task.common.kind.default</value>
</meta>
<meta>
<key>task.meta.label</key>
<value>Key</value>
</meta>
</MetaData>
<Attributes/>
</Attribute>
<Attribute id="task.common.summary">
<values/>
<options/>
<MetaData>
<meta>
<key>task.meta.readOnly</key>
<value>false</value>
</meta>
<meta>
<key>task.meta.type</key>
<value>shortRichText</value>
</meta>
<meta>
<key>task.meta.required</key>
<value>false</value>
</meta>
<meta>
<key>task.meta.attributeKind</key>
<value>task.common.kind.default</value>
</meta>
<meta>
<key>task.meta.label</key>
<value>Summary</value>
</meta>
</MetaData>
<Attributes/>
</Attribute>
<Attribute id="task.common.description">
<values/>
<options/>
<MetaData>
<meta>
<key>task.meta.readOnly</key>
<value>false</value>
</meta>
<meta>
<key>task.meta.type</key>
<value>longRichText</value>
</meta>
<meta>
<key>task.meta.required</key>
<value>false</value>
</meta>
<meta>
<key>task.meta.attributeKind</key>
<value>task.common.kind.default</value>
</meta>
<meta>
<key>task.meta.label</key>
<value>Description</value>
</meta>
</MetaData>
<Attributes/>
</Attribute>
<Attribute id="task.common.status">
<values/>
<options/>
<MetaData>
<meta>
<key>task.meta.readOnly</key>
<value>false</value>
</meta>
<meta>
<key>task.meta.type</key>
<value>shortText</value>
</meta>
<meta>
<key>task.meta.required</key>
<value>false</value>
</meta>
<meta>
<key>task.meta.attributeKind</key>
<value>task.common.kind.default</value>
</meta>
<meta>
<key>task.meta.label</key>
<value>Status:</value>
</meta>
</MetaData>
<Attributes/>
</Attribute>
<Attribute id="github.issue.labels">
<values/>
<options>
<option>
<key>bug</key>
<value>bug</value>
</option>
<option>
<key>duplicate</key>
<value>duplicate</value>
</option>
<option>
<key>enhancement</key>
<value>enhancement</value>
</option>
<option>
<key>help wanted</key>
<value>help wanted</value>
</option>
<option>
<key>invalid</key>
<value>invalid</value>
</option>
<option>
<key>question</key>
<value>question</value>
</option>
<option>
<key>wontfix</key>
<value>wontfix</value>
</option>
</options>
<MetaData>
<meta>
<key>task.meta.readOnly</key>
<value>false</value>
</meta>
<meta>
<key>task.meta.type</key>
<value>multiSelect</value>
</meta>
<meta>
<key>task.meta.required</key>
<value>false</value>
</meta>
<meta>
<key>task.meta.attributeKind</key>
<value>task.common.kind.default</value>
</meta>
<meta>
<key>task.meta.label</key>
<value>Labels:</value>
</meta>
</MetaData>
<Attributes/>
</Attribute>
<Attribute id="task.common.user.assigned">
<values/>
<options/>
<MetaData>
<meta>
<key>task.meta.readOnly</key>
<value>false</value>
</meta>
<meta>
<key>task.meta.type</key>
<value>person</value>
</meta>
<meta>
<key>task.meta.required</key>
<value>false</value>
</meta>
<meta>
<key>task.meta.attributeKind</key>
<value>task.common.kind.default</value>
</meta>
<meta>
<key>task.meta.label</key>
<value>Assignee:</value>
</meta>
</MetaData>
<Attributes/>
</Attribute>
<Attribute id="github.issue.milestone">
<values>
<value>0</value>
</values>
<options>
<option>
<key>0</key>
<value>None</value>
</option>
</options>
<MetaData>
<meta>
<key>task.meta.readOnly</key>
<value>false</value>
</meta>
<meta>
<key>task.meta.type</key>
<value>singleSelect</value>
</meta>
<meta>
<key>task.meta.required</key>
<value>false</value>
</meta>
<meta>
<key>task.meta.attributeKind</key>
<value>task.common.kind.default</value>
</meta>
<meta>
<key>task.meta.label</key>
<value>Milestone:</value>
</meta>
</MetaData>
<Attributes/>
</Attribute>
<Attribute id="github.issue.assignee.gravatar">
<values/>
<options/>
<MetaData>
<meta>
<key>task.meta.readOnly</key>
<value>false</value>
</meta>
<meta>
<key>task.meta.type</key>
<value>url</value>
</meta>
<meta>
<key>task.meta.required</key>
<value>false</value>
</meta>
<meta>
<key>task.meta.label</key>
<value>Assignee</value>
</meta>
</MetaData>
<Attributes/>
</Attribute>
</Attributes>
</Attribute>
</Attributes>
</OldData>
<EditsData connectorKind="github" repositoryUrl="https://github.com/ahiscock16/Com_Ven" taskId="" version="1">
<Attributes>
<Attribute id="root">
<values/>
<options/>
<MetaData/>
<Attributes/>
</Attribute>
</Attributes>
</EditsData>
</TaskState>
